landmark,x, y, z
medialMalleolus,-37.98190,20.06040,691.76590
lateralMalleolus,-97.62780,33.99110,689.05060
Tubercle,-91.82210,-54.78120,1008.35830
PCLInsertion,-100.83305,-6.96275,1027.16690
LCLInsertion,-134.37430,-21.90390,1002.36675
MCLInsertion,-66.14040,-22.56585,1019.46355
lateralEdge,-122.53445,-37.00170,1015.43415
medialWell,-77.74750,-18.09855,1037.28675
lateralWell,-113.45790,-32.67280,1035.52365
