landmark,x, y, z
lateralMalleolus,-120.5366,72.7434,97.0103
medialMalleolus,-66.8899,33.6412,102.6751
Tubercle,-112.89455,-23.42530,433.52710
LCLInsertion,-152.87340,29.38265,434.69395
MCLInsertion,-72.84895,3.23850,440.76245
lateralEdge,-143.89755,10.09690,440.72270
medialWell,-83.79875,5.26775,460.06410
lateralWell,-128.56895,11.69150,463.28075
PCLInsertion,-107.03530,30.50810,450.61025
