landmark,x, y, z
lateralMalleolus,-65.0599,84.0526,-13.0470
medialMalleolus,-11.2026,36.1647,6.7143
Tubercle,-92.61370,-2.96030,365.95940
LCLInsertion,-126.20215,64.69760,357.48885
MCLInsertion,-43.90005,15.98090,375.32850
lateralEdge,-120.00740,31.82270,369.76260
medialWell,-54.19345,25.02885,392.53910
lateralWell,-102.19555,36.85175,390.36385
PCLInsertion,-69.38620,54.76135,379.02225
