landmark,x, y, z
lateralMalleolus,-68.2192,39.1379,51.2273
medialMalleolus,-8.8925,6.844,77.6929
Tubercle,-103.41245,-30.36095,391.9715
LCLInsertion,-133.46415,33.50105,388.8782
MCLInsertion,-57.46305,-11.87375,406.90385
lateralEdge,-128.5059,14.8021,403.4916
medialWell,-71.8071,-6.47965,422.0483
lateralWell,-114.4344,5.955,419.85905
PCLInsertion,-87.9547,24.8019,411.45385
