landmark,x, y, z
medialMalleolus,-15.7625,57.9975,33.7890
lateralMalleolus,-79.3752,74.9279,30.5971
Tubercle,-26.00140,-6.36675,403.89990
LCLInsertion,-78.53800,23.74565,402.73510
MCLInsertion,-1.14990,31.82760,413.27930
lateralEdge,-64.33205,9.62240,412.50420
medialWell,-12.84440,29.69370,429.35830
lateralWell,-54.44310,16.94100,430.61380
PCLInsertion,-39.52575,43.72530,421.66175
