landmark,x, y, z
LCLInsertion,-140.5935,30.4013,1298.5979
MCLInsertion,-67.2393,20.8314,1310.5423
PCLInsertion,-102.2023,43.4765,1321.4421
Tubercle,-97.3963,-7.6981,1302.4511
lateralEdge,-130.3975,17.5855,1312.2436
lateralMalleolus,-124.1322,78.8085,967.7449
lateralWell,-117.0257,18.7634,1330.0261
medialMalleolus,-63.437,58.101,970.7252
medialWell,-77.6583326990842,25.4712428299412,1328.9868873522
