landmark,x, y, z
medialMalleolus,-40.5948,-9.9772,42.0998
lateralMalleolus,-101.2523,35.021,23.3241
Tubercle,-149.87735,-67.9132,379.1521
PCLInsertion,-125.4203,-8.2581,402.6123
LCLInsertion,-184.578,-4.8464,378.7981
MCLInsertion,-94.7967,-52.30465,394.30635
lateralEdge,-173.4502,-24.8234,391.02005
medialWell,-106.07485,-35.6005,414.36375
lateralWell,-158.1671,-24.42615,413.1118
