landmark,x, y, z
medialMalleolus,-22.3896,67.7095,-999.8020
lateralMalleolus,-72.8875,104.8307,-1020.4692
Tubercle,-113.33825,-2.65355,-685.99860
LCLInsertion,-154.00580,44.91095,-689.27190
MCLInsertion,-79.32040,25.83290,-666.44770
lateralEdge,-146.04785,23.66840,-678.09030
medialWell,-93.60475,31.11400,-652.45820
lateralWell,-135.67830,30.50120,-658.15735
PCLInsertion,-115.68125,53.89910,-663.13015
