landmark,x, y, z
medialMalleolus,-74.0706,57.0325,755.9348
lateralMalleolus,-129.6237,86.2858,748.397
Tubercle,-118.91935,20.09365,1044.0992
PCLInsertion,-104.9926,68.1743,1054.1317
LCLInsertion,-149.8422,67.58615,1043.08415
MCLInsertion,-79.58485,36.2376,1047.52885
lateralEdge,-142.7433,57.45105,1056.15575
medialWell,-87.73935,44.24985,1064.55745
lateralWell,-126.55365,56.04485,1067.5815
