landmark,x, y, z
medialMalleolus,-85.8806,2.5788,123.7321
lateralMalleolus,-127.4188,59.8691,118.3323
Tubercle,-180.97750,-99.82020,483.24690
LCLInsertion,-207.98210,-37.73370,492.62925
MCLInsertion,-132.72550,-87.30600,498.43515
lateralEdge,-200.50060,-61.42115,496.30135
medialWell,-144.05430,-82.20245,517.70290
lateralWell,-186.45370,-63.17835,518.95290
PCLInsertion,-155.94400,-48.80380,513.19970
