landmark,x, y, z
medialMalleolus,0.33630,70.10000,58.08270
lateralMalleolus,-72.20950,88.84740,44.66290
Tubercle,-35.38180,-59.04100,419.24510
PCLInsertion,-38.06400,2.53520,441.46810
LCLInsertion,-90.02390,-11.55840,411.04760
MCLInsertion,3.13680,-15.80720,426.88780
lateralEdge,-74.06450,-32.53040,425.00100
medialWell,-6.81100,-18.44855,449.38825
lateralWell,-61.66640,-27.02980,450.47930
