landmark,x, y, z
medialMalleolus,-42.64830,29.18680,67.81290
lateralMalleolus,-102.68440,57.54700,55.61310
Tubercle,-89.56350,-37.52735,380.13670
PCLInsertion,-85.17760,12.90390,399.67100
LCLInsertion,-128.98790,6.19920,379.71970
MCLInsertion,-55.62280,-17.64510,388.70620
lateralEdge,-118.53920,-18.32760,388.58390
medialWell,-63.63110,-10.47050,408.86295
lateralWell,-112.20480,-12.13480,407.59780
