landmark,x, y, z
medialMalleolus,-26.3699,38.8216,26.8485
lateralMalleolus,-91.6299,70.8594,11.2704
Tubercle,-109.22075,-26.54875,376.03645
PCLInsertion,-102.93115,32.24115,398.9498
LCLInsertion,-153.29745,30.58285,372.7961
MCLInsertion,-68.59165,0.545,392.3801
lateralEdge,-144.19705,10.15815,385.09
medialWell,-80.7342,5.95235,411.07595
lateralWell,-131.00515,10.31395,407.13325
