landmark,x, y, z
medialMalleolus,-73.11930,17.62910,67.03870
lateralMalleolus,-117.37800,63.08750,62.43870
Tubercle,-105.94035,-10.41220,393.53130
PCLInsertion,-85.86125,39.66715,406.48055
LCLInsertion,-133.23670,42.99560,388.51350
MCLInsertion,-63.73400,6.03785,398.69060
lateralEdge,-125.31095,22.52285,399.98395
medialWell,-72.09390,13.80830,414.36390
lateralWell,-111.84365,23.03390,415.93715
