landmark,x, y, z
medialMalleolus,-32.8036,29.7827,127.9876
lateralMalleolus,-92.7485,66.3254,123.0366
Tubercle,-94.57920,-28.06165,486.94095
LCLInsertion,-149.90610,17.46200,491.21295
MCLInsertion,-58.10575,10.75515,503.86845
lateralEdge,-136.95760,3.44020,508.14910
medialWell,-70.99330,8.05845,522.07125
lateralWell,-118.10835,3.88750,520.62650
PCLInsertion,-99.10985,31.47390,513.09925
