landmark,x, y, z
medialMalleolus,-51.7711,33.2302,33.5744
lateralMalleolus,-112.7878,65.7802,18.8744
Tubercle,-119.26885,-10.05995,388.2969
PCLInsertion,-110.53505,42.7135,409.2385
LCLInsertion,-155.22805,41.86725,386.43045
MCLInsertion,-75.05645,13.7568,402.5649
lateralEdge,-149.3552,18.9048,397.8071
medialWell,-87.5759,17.96195,417.7697
lateralWell,-137.3129,20.34855,418.69165
