landmark,x, y, z
medialMalleolus,-44.5919,37.9944,80.263
lateralMalleolus,-93.2107,62.283,65.247
Tubercle,-96.5975,-8.4423,386.26
PCLInsertion,-93.0851,39.54095,393.9627
LCLInsertion,-132.89215,31.42755,378.4151
MCLInsertion,-65.5519,12.562,391.98765
lateralEdge,-123.6749,17.3116,391.5091
medialWell,-76.02085,18.4839,404.8377
lateralWell,-112.7407,22.50405,403.4875
