landmark,x, y, z
medialMalleolus,-71.8366,17.8832,931.5344
lateralMalleolus,-128.2349,46.8659,921.4470
Tubercle,-117.45205,-18.15105,1256.18890
LCLInsertion,-158.13570,29.19635,1254.58180
MCLInsertion,-81.54830,11.53970,1262.29220
lateralEdge,-145.61930,11.59130,1264.92610
medialWell,-91.50925,13.76390,1279.99045
lateralWell,-130.88460,14.40460,1281.97945
PCLInsertion,-112.77875,36.56295,1270.56565
