landmark,x, y, z
LCLInsertion,-113.0519,48.7521,299.8694
MCLInsertion,-41.3229,15.8684,318.499
PCLInsertion,-68.2336,46.9416,324.1155
Tubercle,-80.7241,-3.7441,300.8633
lateralEdge,-102.1537,28.3308,310.269
lateralMalleolus,-66.1279165644625,79.0587489882417,-23.6163828887352
lateralWell,-92.5245,27.8218,329.3543
medialMalleolus,-16.0517,43.8739,-10.3205
medialWell,-50.5201,22.7468,331.1463
