landmark,x, y, z
medialMalleolus,-76.7900,25.9674,52.2741
lateralMalleolus,-124.8786,68.0618,48.1825
Tubercle,-123.55310,-53.48735,385.61535
LCLInsertion,-148.93300,1.06235,391.55400
MCLInsertion,-84.43080,-44.18745,391.27980
lateralEdge,-142.20575,-18.75385,399.03305
medialWell,-87.72980,-41.48130,409.53620
lateralWell,-128.74900,-24.46120,413.10420
PCLInsertion,-101.31965,-12.15905,406.25570
