landmark,x, y, z
medialMalleolus,-37.6183,-4.2294,14.0468
lateralMalleolus,-94.9541,10.0353,7.1070
Tubercle,-72.05640,-35.51385,329.87420
LCLInsertion,-112.58280,-0.51085,327.39030
MCLInsertion,-38.82100,-8.67640,337.26885
lateralEdge,-102.96990,-9.63310,342.44070
medialWell,-51.98170,-4.98375,353.61555
lateralWell,-89.04180,-9.20440,355.15980
PCLInsertion,-73.40560,12.09930,344.86030
