landmark,x, y, z
medialMalleolus,-72.338,21.3643,47.4028
lateralMalleolus,-125.3474,64.0113,41.5947
Tubercle,-97.663,-35.30145,405.8491
PCLInsertion,-81.91025,21.83565,424.05445
LCLInsertion,-131.6358,20.5511,405.7141
MCLInsertion,-56.6281,-12.4245,410.88275
lateralEdge,-124.2944,1.6604,420.9357
medialWell,-64.1845,-2.83895,429.68065
lateralWell,-105.76145,-0.43955,434.1665
