landmark,x, y, z
medialMalleolus,-22.09320,25.32060,47.45440
lateralMalleolus,-72.19760,61.25680,36.85410
Tubercle,-49.28755,-15.66690,370.26310
PCLInsertion,-45.61025,34.68315,395.06125
LCLInsertion,-89.60990,22.86320,370.94225
MCLInsertion,-15.48010,9.64440,384.09000
lateralEdge,-77.49290,11.81350,383.35360
medialWell,-25.27035,17.13460,398.16425
lateralWell,-64.31310,11.85355,401.35355
