landmark,x, y, z
medialMalleolus,-37.41080,16.20230,39.48500
lateralMalleolus,-74.69990,55.81080,21.01020
Tubercle,-123.15210,-22.48760,330.79830
PCLInsertion,-101.76900,16.36465,349.25950
LCLInsertion,-139.98660,25.39920,331.24165
MCLInsertion,-84.44125,-14.46275,341.77300
lateralEdge,-137.46170,14.74200,342.94040
medialWell,-93.16090,-9.07260,355.62050
lateralWell,-127.61020,6.69760,355.06310
