landmark,x, y, z
lateralMalleolus,-131.8263,73.4047,35.9058
medialMalleolus,-72.2182,49.6062,49.3871
Tubercle,-123.95545,-2.25905,369.15220
LCLInsertion,-166.29690,37.74120,366.77185
MCLInsertion,-90.09875,29.24875,375.23160
lateralEdge,-154.89455,22.46105,373.96185
medialWell,-102.09070,28.14740,393.44360
lateralWell,-141.70060,26.29640,392.11240
PCLInsertion,-123.93105,48.17415,382.83040
