landmark,x, y, z
medialMalleolus,-62.3313,24.7553,-0.6691
lateralMalleolus,-117.6628,54.1752,-11.0202
Tubercle,-127.26615,-38.46845,298.08375
PCLInsertion,-118.7725,11.9154,320.79435
LCLInsertion,-161.88765,12.42755,301.56515
MCLInsertion,-90.2767,-17.67905,309.96365
lateralEdge,-153.85905,-4.9484,304.5479
medialWell,-100.36255,-11.73565,326.234
lateralWell,-142.82925,-6.755,325.60475
