landmark,x, y, z
medialMalleolus,-58.6752,42.5261,75.4706
lateralMalleolus,-121.9063,77.2634,61.5713
Tubercle,-63.48320,-28.98130,430.76110
LCLInsertion,-113.60350,11.39925,433.47785
MCLInsertion,-29.65240,8.35410,443.41290
lateralEdge,-100.22510,-8.36630,445.87200
medialWell,-41.18215,11.58210,464.36700
lateralWell,-86.31480,-0.27950,465.71110
PCLInsertion,-69.40095,25.49970,455.36190
