landmark,x, y, z
medialMalleolus,-36.2649,9.6416,73.5682
lateralMalleolus,-94.2575,53.3906,64.0209
Tubercle,-75.78590,-50.06045,447.69400
LCLInsertion,-127.83435,-7.60970,439.44800
MCLInsertion,-39.61890,-14.02010,459.31350
lateralEdge,-110.94820,-22.96390,456.44815
medialWell,-52.65245,-9.30475,477.74875
lateralWell,-100.82040,-16.73220,478.35740
PCLInsertion,-80.80880,10.83680,465.30220
