landmark,x, y, z
lateralMalleolus,-146.4550,57.0109,744.8568
medialMalleolus,-101.0117,15.7743,754.6190
Tubercle,-148.28680,-42.74845,1069.02535
LCLInsertion,-170.81770,15.43340,1069.45235
MCLInsertion,-106.63310,-27.44825,1076.61550
lateralEdge,-168.53800,-0.81040,1082.73370
medialWell,-115.01885,-21.30170,1093.04830
lateralWell,-153.75125,-9.05820,1094.25605
PCLInsertion,-129.37115,6.02150,1085.64140
