landmark,x, y, z
medialMalleolus,-57.40180,38.25460,75.44810
lateralMalleolus,-107.98000,75.16090,68.67710
Tubercle,-127.69580,-20.33945,369.88415
PCLInsertion,-121.24795,26.19900,394.53655
LCLInsertion,-165.49165,25.83145,376.53960
MCLInsertion,-86.24310,-1.42160,384.46010
lateralEdge,-154.39865,7.00315,384.20070
medialWell,-99.77895,4.26260,402.26570
lateralWell,-142.31055,5.44700,403.01585
