landmark,x, y, z
medialMalleolus,-50.7334,7.8918,42.673
lateralMalleolus,-101.5193,38.4022,22.6115
Tubercle,-127.4825,-38.28985,328.43915
PCLInsertion,-118.84385,10.51675,344.56535
LCLInsertion,-164.68045,11.2046,330.8545
MCLInsertion,-92.2728,-17.5219,336.44945
lateralEdge,-153.13885,-5.1363,336.6503
medialWell,-100.9,-13.554,351.8674
lateralWell,-140.2844,-7.7698,351.8617
