landmark,x, y, z
anteriorApex,-72.52800,-84.07540,1065.97950
quadTendonInsertion,-76.04785,-79.60020,1083.50390
patTendonOrigin,-77.03560,-77.47715,1050.68830
MedialEdge,-56.31395,-71.74635,1071.65385
LateralEdge,-98.74595,-81.08390,1071.90695
posteriorApex,-76.10175,-64.82390,1071.83925
