landmark,x, y, z
anteriorApex,-93.87375,-35.57805,426.23345
quadTendonInsertion,-91.24060,-30.11845,446.87865
patTendonOrigin,-95.69640,-25.06740,404.63600
MedialEdge,-68.87760,-29.89715,432.56200
LateralEdge,-119.24510,-21.31040,440.32880
posteriorApex,-90.51430,-15.73450,434.78640
