landmark,x, y, z
anteriorApex,-103.31520,-48.33020,1319.36230
quadTendonInsertion,-104.92405,-42.20885,1338.33900
patTendonOrigin,-106.65830,-38.72320,1301.81430
MedialEdge,-87.12075,-37.78825,1321.39690
LateralEdge,-126.17260,-36.13245,1323.07220
posteriorApex,-101.43150,-29.16660,1322.87310
