landmark,x, y, z
anteriorApex,-137.30375,-88.17915,444.23200
quadTendonInsertion,-136.36120,-83.43000,461.45520
patTendonOrigin,-132.88535,-79.08880,425.74270
MedialEdge,-115.74880,-92.13525,449.04010
LateralEdge,-153.72445,-71.80650,450.46385
posteriorApex,-124.69320,-75.83140,448.60640
