landmark,x, y, z
anteriorApex,-59.68970,-63.26665,387.29495
quadTendonInsertion,-63.57350,-56.75525,404.85770
patTendonOrigin,-63.84655,-55.75850,368.53890
MedialEdge,-45.67610,-48.68910,389.84790
LateralEdge,-86.61205,-56.22045,394.28210
posteriorApex,-63.42295,-44.20820,390.65520
