landmark,x, y, z
anteriorApex,-102.33095,-21.40995,-621.76665
quadTendonInsertion,-103.97295,-15.00375,-605.09705
patTendonOrigin,-106.41080,-13.66850,-643.39025
MedialEdge,-85.22205,-12.94325,-621.74095
LateralEdge,-128.93140,-12.08500,-618.93750
posteriorApex,-101.79320,-2.53835,-617.41880
