landmark,x, y, z
anteriorApex,-110.99045,-8.35655,1086.8611
quadTendonInsertion,-110.14375,-5.1415,1106.1474
patTendonOrigin,-112.77555,1.29565,1072.5363
MedialEdge,-90.8292,-3.29775,1090.49105
LateralEdge,-134.1224,4.56505,1100.87715
posteriorApex,-108.40445,10.3273,1098.97775
