landmark,x, y, z
anteriorApex,-39.70330,-44.82980,442.69030
quadTendonInsertion,-44.56565,-40.62745,460.93675
patTendonOrigin,-40.40760,-34.72360,428.18440
MedialEdge,-23.97200,-35.60375,450.01835
LateralEdge,-64.75545,-37.59840,447.37665
posteriorApex,-40.90895,-27.44695,447.33015
