landmark,x, y, z
anteriorApex,-66.80790,-73.53070,519.51460
quadTendonInsertion,-70.41895,-64.66270,539.32915
patTendonOrigin,-71.25530,-65.83410,497.31660
MedialEdge,-47.59480,-58.28150,522.36630
LateralEdge,-99.82270,-61.65600,523.31890
posteriorApex,-70.16700,-49.72575,523.30945
