landmark,x, y, z
anteriorApex,-118.71150,-62.22420,425.89760
quadTendonInsertion,-120.49980,-58.17835,445.96480
patTendonOrigin,-119.45430,-53.33925,410.61280
MedialEdge,-99.82945,-54.47485,432.08215
LateralEdge,-142.86240,-48.37155,432.51225
posteriorApex,-116.77905,-44.35310,433.10785
