landmark,x, y, z
anteriorApex,-122.37555,-74.6271,375.1207
quadTendonInsertion,-123.31705,-70.50295,394.1268
patTendonOrigin,-125.7302,-63.37985,360.0598
MedialEdge,-103.21565,-69.2004,378.83685
LateralEdge,-144.9862,-60.5936,380.57
posteriorApex,-117.61355,-56.5458,383.09815
