landmark,x, y, z
anteriorApex,-110.77175,-42.3363,456.46645
quadTendonInsertion,-107.99815,-36.9028,474.918
patTendonOrigin,-109.11675,-33.40115,439.15615
MedialEdge,-87.2281,-34.91585,461.2774
LateralEdge,-135.1184,-31.31655,465.40585
posteriorApex,-106.07055,-23.9359,462.85545
