landmark,x, y, z
anteriorApex,-97.9102,-20.8458,441.6525
quadTendonInsertion,-98.77035,-16.491,457.28275
patTendonOrigin,-97.6896,-13.11565,427.38955
MedialEdge,-80.6378,-17.6704,444.79075
LateralEdge,-118.34985,-9.43435,446.37125
posteriorApex,-94.4458,-3.5383,447.8417
