landmark,x, y, z
anteriorApex,-106.03300,-54.15730,496.51950
quadTendonInsertion,-107.96645,-49.70625,516.12020
patTendonOrigin,-106.49235,-43.95890,475.54585
MedialEdge,-86.87980,-45.73020,504.14055
LateralEdge,-135.42180,-42.39925,505.02555
posteriorApex,-105.13085,-36.54200,503.92030
