landmark,x, y, z
anteriorApex,-114.04025,-68.16985,449.5452
quadTendonInsertion,-110.1138,-64.4056,469.022
patTendonOrigin,-110.76915,-58.22195,430.68355
MedialEdge,-90.4601,-67.99055,452.2217
LateralEdge,-130.07905,-53.76405,457.91805
posteriorApex,-101.7143,-52.92925,455.225
