landmark,x, y, z
anteriorApex,-18.15055,-33.56225,465.93465
quadTendonInsertion,-20.44610,-27.94380,487.04060
patTendonOrigin,-20.66450,-24.53090,446.47495
MedialEdge,-0.13270,-20.54070,473.85865
LateralEdge,-45.72715,-31.70940,475.52675
posteriorApex,-24.10820,-13.63305,469.71910
