landmark,x, y, z
anteriorApex,-88.11265,-63.41525,467.87645
quadTendonInsertion,-90.6905,-59.46805,489.5817
patTendonOrigin,-92.5182,-52.5272,448.85365
MedialEdge,-70.6204,-58.26105,474.25555
LateralEdge,-113.71125,-49.4632,477.9305
posteriorApex,-84.0133,-44.0045,476.6178
