landmark,x, y, z
anteriorApex,-182.02845,-141.69770,547.39520
quadTendonInsertion,-177.98550,-138.25625,569.27715
patTendonOrigin,-180.47835,-130.84735,525.38860
MedialEdge,-155.50100,-142.70120,551.89060
LateralEdge,-202.85995,-123.40935,555.63835
posteriorApex,-173.31560,-123.35320,555.23120
