landmark,x, y, z
anteriorApex,-31.03780,-100.36000,479.41065
quadTendonInsertion,-34.17430,-96.33535,498.63510
patTendonOrigin,-34.19105,-86.64470,456.30305
MedialEdge,-9.75880,-80.85340,484.79210
LateralEdge,-61.89685,-87.80465,481.63940
posteriorApex,-31.26505,-79.96025,486.58865
