landmark,x, y, z
anteriorApex,-93.02500,-72.71380,434.16070
quadTendonInsertion,-92.94770,-67.56980,455.11260
patTendonOrigin,-93.56730,-63.20700,417.94385
MedialEdge,-72.20500,-62.83670,440.02570
LateralEdge,-116.52340,-61.21315,441.52520
posteriorApex,-88.85960,-54.20310,442.21195
