landmark,x, y, z
anteriorApex,-127.32595,-53.16325,373.21995
quadTendonInsertion,-124.53465,-51.07270,391.02320
patTendonOrigin,-126.58615,-41.93640,357.32220
MedialEdge,-109.43055,-55.25465,377.51155
LateralEdge,-144.01515,-42.41275,382.18675
posteriorApex,-120.47675,-39.83040,382.45405
