landmark,x, y, z
anteriorApex,-106.78720,-34.26020,432.01100
quadTendonInsertion,-112.24560,-27.46920,448.42875
patTendonOrigin,-113.92235,-26.81050,412.29055
MedialEdge,-91.47485,-24.71835,434.78715
LateralEdge,-133.52140,-27.66080,433.96350
posteriorApex,-108.68385,-14.79245,432.15035
