landmark,x, y, z
anteriorApex,-123.27895,-71.4939,350.2416
quadTendonInsertion,-124.1258,-66.5209,371.0161
patTendonOrigin,-124.93895,-61.66495,332.16025
MedialEdge,-101.4721,-66.6172,356.1972
LateralEdge,-148.415,-58.4504,356.8117
posteriorApex,-121.2872,-54.19725,358.5619
