landmark,x, y, z
anteriorApex,-42.69000,-61.91660,502.77840
quadTendonInsertion,-46.04750,-52.26700,526.60690
patTendonOrigin,-50.33535,-53.61495,479.38110
MedialEdge,-24.90950,-44.68550,507.14650
LateralEdge,-74.15105,-57.09830,511.99815
posteriorApex,-49.34430,-40.45065,507.07610
