landmark,x, y, z
anteriorApex,-106.5235,-60.07965,443.6531
quadTendonInsertion,-108.13155,-54.29885,464.6393
patTendonOrigin,-104.04685,-48.3963,422.7156
MedialEdge,-84.2539,-51.9067,453.0641
LateralEdge,-132.74415,-45.1387,453.0666
posteriorApex,-103.5699,-38.17585,453.43255
