landmark,x, y, z
anteriorApex,-104.11685,-34.88560,453.99220
quadTendonInsertion,-103.87430,-29.21335,474.11145
patTendonOrigin,-106.05450,-26.65400,435.97855
MedialEdge,-81.95130,-28.57280,456.87510
LateralEdge,-127.33865,-18.93455,461.19700
posteriorApex,-100.71940,-16.11580,458.42205
