landmark,x, y, z
anteriorApex,-140.46765,-78.37930,1126.55310
quadTendonInsertion,-145.05150,-73.07810,1146.82060
patTendonOrigin,-140.40200,-64.12645,1112.26600
MedialEdge,-126.10460,-75.86360,1132.97120
LateralEdge,-165.56320,-57.93280,1132.09780
posteriorApex,-139.24995,-61.43655,1134.35515
