landmark,x, y, z
anteriorApex,-79.06550,-64.49565,556.71815
quadTendonInsertion,-82.18620,-57.80650,578.56110
patTendonOrigin,-83.51890,-55.25555,535.54025
MedialEdge,-59.36550,-50.75715,564.57925
LateralEdge,-107.65200,-56.77895,566.95310
posteriorApex,-80.38190,-43.83340,564.53625
