landmark,x, y, z
anteriorApex,-94.065,-100.57405,432.2751
quadTendonInsertion,-93.9647,-95.5736,454.8592
patTendonOrigin,-100.49655,-89.3941,414.15725
MedialEdge,-70.8802,-89.5517,438.1628
LateralEdge,-125.1699,-88.19805,443.01155
posteriorApex,-92.43815,-79.16225,440.18415
