landmark,x, y, z
anteriorApex,-142.5258,-95.4535,445.59995
quadTendonInsertion,-143.59835,-89.36095,467.25185
patTendonOrigin,-146.1683,-87.0976,423.32365
MedialEdge,-117.1119,-90.4888,449.5348
LateralEdge,-169.83735,-78.1656,451.27615
posteriorApex,-138.3247,-70.305,454.733
