landmark,x, y, z
medialMalleolus,-27.6518,2.6961,17.9202
lateralMalleolus,-88.213,41.4047,-6.4182
Tubercle,-103.48325,-63.0806,368.59125
PCLInsertion,-98.7964,-2.44255,393.0126
LCLInsertion,-149.1058,-6.57885,364.01375
MCLInsertion,-60.6979,-32.59955,381.944
lateralEdge,-137.58955,-30.9641,375.61585
medialWell,-72.929,-29.5347,400.6139
lateralWell,-126.87565,-26.5809,399.4348
